frequency,s11
10000000.0 0.0,0.23751583501243886 -0.9713836667961535
10380761.523046093 0.0,0.1858058585001574 -0.9825864760656002
10761523.046092186 0.0,0.1333609921515388 -0.9910675283613876
11142284.56913828 0.0,0.08032208794321732 -0.9967689612886376
11523046.092184372 0.0,0.026835343991315545 -0.9996398673086475
11903807.615230465 0.0,-0.0269479898074545 -0.9996368369789647
12284569.138276558 0.0,-0.0808719641955078 -0.9967244982476947
12665330.661322651 0.0,-0.1347763428076223 -0.9908760454362269
13046092.184368744 0.0,-0.1884970753272872 -0.982073751096606
13426853.707414838 0.0,-0.24186683182392857 -0.9703094535576285
13807615.23046093 0.0,-0.29471559767574446 -0.9555850126945299
14188376.753507024 0.0,-0.3468713275389742 -0.9379127262869501
14569138.276553117 0.0,-0.39816065582387816 -0.9173156992842858
14949899.79959921 0.0,-0.4484096600971188 -0.8938281583900202
15330661.322645303 0.0,-0.4974446727701838 -0.867495704618516
15711422.845691396 0.0,-0.5450931353764926 -0.8383754968771574
16092184.368737489 0.0,-0.5911844887110813 -0.8065363601880864
16472945.891783582 0.0,-0.6355510911328787 -0.7720588128873735
16853707.414829675 0.0,-0.6780291564381438 -0.7350350080206937
17234468.937875766 0.0,-0.7184597019318405 -0.6955685851839467
17615230.460921858 0.0,-0.756689496678248 -0.653774430220173
17995991.98396795 0.0,-0.7925719994269642 -0.6097783414608259
18376753.50701404 0.0,-0.825968275407073 -0.563716602565606
18757515.03006013 0.0,-0.8567478810775869 -0.5157354634420028
19138276.553106222 0.0,-0.8847897060286382 -0.46599053218141173
19519038.076152314 0.0,-0.9099827615515663 -0.41464608239862755
19899799.599198405 0.0,-0.9322269059374252 -0.36187428176964104
20280561.122244496 0.0,-0.9514334973161427 -0.3078543488931233
20661322.645290587 0.0,-0.9675259657996496 -0.2527716468184646
21042084.16833668 0.0,-0.9804402978228218 -0.19681672265555628
21422845.69138277 0.0,-0.9901254268607736 -0.14018430357955455
21803607.21442886 0.0,-0.9965435261102061 -0.08307226024373444
22184368.737474952 0.0,-0.9996702002219786 -0.025680549096728345
22565130.260521043 0.0,-0.9994945747250602 0.0317898546449404
22945891.783567134 0.0,-0.9960192833503857 0.08913802159725177
23326653.306613225 0.0,-0.9892603550081795 0.14616411882128846
23707414.829659317 0.0,-0.9792470036570068 0.2026704353216774
24088176.352705408 0.0,-0.966021325692428 0.25846237194705657
24468937.8757515 0.0,-0.9496379107465197 0.31334938603891066
24849699.39879759 0.0,-0.9301633729003956 0.36714588216721594
25230460.92184368 0.0,-0.9076758102490335 0.41967204141626513
25611222.444889773 0.0,-0.8822642015060977 0.470754582909865
25991983.967935864 0.0,-0.8540277488868877 0.5202274525588234
26372745.490981955 0.0,-0.8230751768568243 0.5679324353417206
26753507.014028046 0.0,-0.7895239964839407 0.6137196887603338
27134268.537074137 0.0,-0.7534997450944347 0.6574481964131577
27515030.06012023 0.0,-0.7151352107133082 0.698986141876871
27895791.58316632 0.0,-0.674569650393691 0.7382112042523157
28276553.10621241 0.0,-0.6319480110184741 0.7750107777985055
28657314.629258502 0.0,-0.5874201605176984 0.8092821190297587
29038076.152304593 0.0,-0.5411401367076837 0.8409324254758389
29418837.675350685 0.0,-0.49326542014643665 0.8698788509958983
29799599.198396776 0.0,-0.44395623653725713 0.896048463091145
30180360.721442867 0.0,-0.39337489332030073 0.9193781480791295
30561122.24448896 0.0,-0.34168515419070444 0.9398144702783768
30941883.76753505 0.0,-0.28905165438958313 0.9573134915123992
31322645.29058114 0.0,-0.23563935874686126 0.9718405572859844
31703406.813627232 0.0,-0.18161306362582552 0.9833700559243738
32084168.336673323 0.0,-0.1271369431394027 0.991885156809421
32464929.859719414 0.0,-0.0723741392857089 0.9973775336080972
32845691.382765505 0.0,-0.017486394991378607 0.9998470780803604
33226452.905811597 0.0,0.037366271540514306 0.9993016096874606
33607214.42885769 0.0,0.09202585330416224 0.9957565858099333
33987975.95190378 0.0,0.14633660436630563 0.989234816937458
34368737.474949874 0.0,0.2001452561093604 0.9797661907203445
34749498.997995965 0.0,0.2533012031295811 0.9673874082830809
35130260.52104206 0.0,0.30565666233670563 0.9521417357015949
35511022.04408815 0.0,0.3570668090025633 0.9340787730438097
35891783.56713424 0.0,0.4073898936534568 0.9132542428725159
36272545.09018033 0.0,0.4564873437986634 0.8897297996144478
36653306.61322642 0.0,0.5042238545394866 0.863572860712378
37034068.13627251 0.0,0.5504674721134829 0.8348564599999525
37414829.6593186 0.0,0.5950896744000982 0.8036591232727622
37795591.182364695 0.0,0.6379654523499702 0.7700647655744082
38176352.705410786 0.0,0.6789733962021276 0.7341626092728775
38557114.22845688 0.0,0.7179957902232177 0.696047121570171
38937875.75150297 0.0,0.7549187195407625 0.6558179696664357
39318637.27454906 0.0,0.7896321924485827 0.6135799913885193
39699398.79759515 0.0,0.8220302813358531 0.5694431786917631
40080160.32064124 0.0,0.8520112851304019 0.5235226710534885
40460921.84368733 0.0,0.8794779158497694 0.47593875539789293
40841683.366733424 0.0,0.9043375115177463 0.42681686882665176
41222444.889779516 0.0,0.9265022773268212 0.3762876000801856
41603206.41282561 0.0,0.9458895565052721 0.32448668532477143
41983967.9358717 0.0,0.9624221318788178 0.27155499355540813
42364729.45891779 0.0,0.9760285585981445 0.21763849662938187
42745490.98196388 0.0,0.9866435279335953 0.16288821870826878
43126252.50500997 0.0,0.994208261415506 0.10746015969485034
43507014.02805606 0.0,0.9986709339236933 0.05151518711605744
43887775.551102154 0.0,0.9999871236036758 -0.004781109165989152
44268537.074148245 0.0,0.9981202857144097 -0.06125860502363412
44649298.59719434 0.0,0.9930422466979849 -0.11774287842350938
45030060.12024043 0.0,0.9847337139144235 -0.17405549938389447
45410821.64328652 0.0,0.9731847956153872 -0.23001437851979084
45791583.16633261 0.0,0.9583955248532294 -0.2854341787220626
46172344.6893787 0.0,0.9403763801536826 -0.34012679393620615
46553106.21242479 0.0,0.9191487949416682 -0.39390189828020344
46933867.73547088 0.0,0.8947456469236599 -0.4465675678640857
47314629.258516975 0.0,0.8672117179224754 -0.4979309766440994
47695390.781563066 0.0,0.8366041140597504 -0.5477991664641633
48076152.30460916 0.0,0.8029926357172323 -0.5959798901139629
48456913.82765525 0.0,0.7664600864108825 -0.6422825247796421
48837675.35070134 0.0,0.7271025096118178 -0.6865190516989484
49218436.87374743 0.0,0.6850293426735323 -0.7285050961839724
49599198.39679352 0.0,0.64036347740104 -0.7680610204736095
49979959.91983961 0.0,0.5932412174454158 -0.805013060163932
50360721.442885704 0.0,0.543812123640971 -0.8391944932824736
50741482.965931796 0.0,0.4922387396290511 -0.8704468294717889
51122244.48897789 0.0,0.4386961916299488 -0.8986210052820606
51503006.01202398 0.0,0.38337165802005946 -0.9235785702969328
51883767.53507007 0.0,0.32646370642184724 -0.9451928477861842
52264529.05811616 0.0,0.2681814982844645 -0.963350052845464
52645290.58116225 0.0,0.20874386337665274 -0.9779503505944985
53026052.10420834 0.0,0.14837824917440168 -0.9889088370000649
53406813.627254434 0.0,0.08731955273766201 -0.9961564252983717
53787575.150300525 0.0,0.025808845260305746 -0.9996406218298978
54168336.67334662 0.0,-0.035907998032247646 -0.9993261763713184
54549098.19639271 0.0,-0.09758174765202665 -0.995195593741173
54929859.7194388 0.0,-0.1589613322438428 -0.9872494955400335
55310621.24248489 0.0,-0.21979539484124744 -0.9755068233178766
55691382.76553098 0.0,-0.2798338728849425 -0.9600048771824201
56072144.28857707 0.0,-0.33882958101843785 -0.940799186800818
56452905.81162316 0.0,-0.3965397752712716 -0.9179632148215568
56833667.334669255 0.0,-0.4527276773396054 -0.891587895865287
57214428.857715346 0.0,-0.5071639382802717 -0.8617810173106077
57595190.38076144 0.0,-0.5596280220321097 -0.828666451042698
57975951.90380753 0.0,-0.6099094907345999 -0.7923832480525943
58356713.42685362 0.0,-0.6578091757784841 -0.7530846101949273
58737474.94989971 0.0,-0.7031402208326014 -0.7109367554657486
59118236.4729458 0.0,-0.7457289856699265 -0.6661176947977675
59498997.99599189 0.0,-0.7854158023806139 -0.61881593955219
59879759.519037984 0.0,-0.8220555784228578 -0.5692291595962167
60260521.042084076 0.0,-0.8555182438351125 -0.517562812092105
60641282.56513017 0.0,-0.8856890427300007 -0.46402876090401524
61022044.08817626 0.0,-0.9124686718311881 -0.40884390588387143
61402805.61122235 0.0,-0.9357732712284001 -0.35222884027280454
61783567.13426844 0.0,-0.9555342746513291 -0.2944065531064626
62164328.65731453 0.0,-0.971698128350851 -0.2356011919059052
62545090.18036062 0.0,-0.9842258890877434 -0.17603689914167586
62925851.703406714 0.0,-0.9930927127375702 -0.11593673405218996
63306613.226452805 0.0,-0.9982872456087395 -0.055521689455195235
63687374.7494989 0.0,-0.9998109307284417 0.004990188709412622
64068136.27254499 0.0,-0.9976772410733015 0.06538457314744098
64448897.79559108 0.0,-0.9919108510033767 0.1254515139106115
64829659.31863717 0.0,-0.9825467559915434 0.1849859809445604
65210420.84168326 0.0,-0.9696293491082274 0.24378828831181248
65591182.36472935 0.0,-0.9532114605914997 0.30166439833153497
65971943.88777544 0.0,-0.9333533641488586 0.35842610364705274
66352705.410821535 0.0,-0.9101217503114003 0.41389108415319775
66733466.933867626 0.0,-0.8835886630604279 0.4678828334992447
67114228.45691372 0.0,-0.8538303908792495 0.5202304461029478
67494989.97995982 0.0,-0.8209262970817222 0.5707682496239881
67875751.5030059 0.0,-0.7849575663733956 0.6193352586661862
68256513.026052 0.0,-0.7460058346429865 0.6657744115769817
68637274.54909809 0.0,-0.7041516563874407 0.7099315311835265
69018036.07214418 0.0,-0.6594727483117675 0.751653918313183
69398797.59519027 0.0,-0.612041927988473 0.7907884378060164
69779559.11823636 0.0,-0.5619246430257476 0.8271788803219604
70160320.64128245 0.0,-0.5091759606033963 0.8606622628153209
70541082.16432855 0.0,-0.4538368652426529 0.8910635379712699
70921843.68737464 0.0,-0.3959297100053658 0.9181878704648211
71302605.21042073 0.0,-0.33545272221030564 0.9418091240722533
71683366.73346682 0.0,-0.2723736735136377 0.9616523490080661
72064128.25651291 0.0,-0.20662340935456935 0.9773666282013337
72444889.779559 0.0,-0.13809142303390964 0.988482255340537
72825651.30260509 0.0,-0.06662930836447023 0.9943423389629286
73206412.82565118 0.0,0.00792330071996522 0.9939930995383497
73587174.34869727 0.0,0.08565488619819495 0.9860103585060113
73967935.87174337 0.0,0.16635689614162974 0.9682402766890591
74348697.39478946 0.0,0.24897150389325082 0.9374767555555651
74729458.91783555 0.0,0.3303552473886717 0.8893137906507851
75110220.44088164 0.0,0.4029625221543536 0.8191292159744776
75490981.96392773 0.0,0.4523444931473862 0.7266144541621431
75871743.48697382 0.0,0.46057076845289524 0.6255656572590711
76252505.01001991 0.0,0.4248055872960905 0.5477552415785466
76633266.533066 0.0,0.3734876560938391 0.5183550195882006
77014028.0561121 0.0,0.3422997655931663 0.5284543481948613
77394789.57915819 0.0,0.3428685047965488 0.5512723944982638
77775551.10220428 0.0,0.36767037149370024 0.5683075869666435
78156312.62525037 0.0,0.4058721874902067 0.5730877348950492
78537074.14829646 0.0,0.4496586789876742 0.5653336166184889
78917835.67134255 0.0,0.49438575987569067 0.5467246136758076
79298597.19438864 0.0,0.53744132981539 0.5191809986812855
79679358.71743473 0.0,0.577343020043758 0.4843745564172198
80060120.24048083 0.0,0.6132101194244646 0.44367086245270065
80440881.76352692 0.0,0.6444830965617871 0.39818810417458167
80821643.28657301 0.0,0.670780549426266 0.3488700539627571
81202404.8096191 0.0,0.6918285175169089 0.2965461445147411
81583166.33266519 0.0,0.7074274860975593 0.24197500121531093
81963927.85571128 0.0,0.7174390827202468 0.1858738224602619
82344689.37875737 0.0,0.7217830479522405 0.12893677512013532
82725450.90180346 0.0,0.7204393987158122 0.07184502819521793
83106212.42484955 0.0,0.71345289189347 0.015270366220186507
83486973.94789565 0.0,0.7009380117549338 -0.04012619726741218
83867735.47094174 0.0,0.6830832900029324 -0.0936997154750806
84248496.99398783 0.0,0.6601540985683783 -0.14482959831293563
84629258.51703392 0.0,0.6324932760749419 -0.19293005181515874
85010020.04008001 0.0,0.6005191335023153 -0.23746183129146112
85390781.5631261 0.0,0.5647205693787407 -0.2779444577131925
85771543.0861722 0.0,0.5256492233146242 -0.3139680390372104
86152304.60921828 0.0,0.48390880733189423 -0.34520386104550366
86533066.13226438 0.0,0.44014196567807873 -0.37141298165969483
86913827.65531047 0.0,0.39501520808709006 -0.39245218551413036
87294589.17835656 0.0,0.34920261919582085 -0.4082768293814447
87675350.70140265 0.0,0.3033691503737277 -0.4189403225130445
88056112.22444874 0.0,0.25815433723495257 -0.4245902206842801
88436873.74749483 0.0,0.21415725202489894 -0.4254611461921416
88817635.27054092 0.0,0.1719233991328122 -0.4218649552153848
89198396.79358701 0.0,0.13193410656542998 -0.4141787389235506
89579158.3166331 0.0,0.09459877479966927 -0.4028313516990364
89959919.8396792 0.0,0.06025013855509225 -0.3882892027833108
90340681.36272529 0.0,0.029142497983682073 -0.3710420285601363
90721442.88577138 0.0,0.0014527016843854934 -0.3515892904259393
91102204.40881747 0.0,-0.022716472282925174 -0.33042773144936965
91482965.93186356 0.0,-0.043330982808243275 -0.30804048973046055
91863727.45490965 0.0,-0.06041873112276108 -0.2848880232955884
92244488.97795574 0.0,-0.07406180146744527 -0.2614009641452814
92625250.50100183 0.0,-0.08438820414979431 -0.237974897999586
93006012.02404793 0.0,-0.09156353419002605 -0.21496696783715394
93386773.54709402 0.0,-0.09578288958912974 -0.19269412632771654
93767535.07014011 0.0,-0.09726331742368362 -0.1714328144995702
94148296.5931862 0.0,-0.09623698051835627 -0.15141981903730242
94529058.11623229 0.0,-0.09294516752272154 -0.13285405469739933
94909819.63927838 0.0,-0.08763320811561742 -0.11589902711127086
95290581.16232447 0.0,-0.08054630442792798 -0.10068575039155828
95671342.68537056 0.0,-0.07192624996176994 -0.08731591957510598
96052104.20841666 0.0,-0.0620089777081434 -0.0758651667925608
96432865.73146275 0.0,-0.05102285865976364 -0.0663862596630694
96813627.25450884 0.0,-0.039187659022097865 -0.058912129011189605
97194388.77755493 0.0,-0.026714057612563513 -0.053458639471612966
97575150.30060102 0.0,-0.013803622757215585 -0.05002704029092881
97955911.82364711 0.0,-0.000649149173776287 -0.04860605446127161
98336673.3466932 0.0,0.012564741176785745 -0.04917358231958536
98717434.8697393 0.0,0.025660825288751802 -0.05169801119223258
99098196.39278539 0.0,0.03846841744876217 -0.056139135929860265
99478957.91583148 0.0,0.05082249830442188 -0.06244870666618861
99859719.43887757 0.0,0.06256290637905465 -0.0705706302317215
100240480.96192366 0.0,0.07353365652006048 -0.08044086068714938
100621242.48496975 0.0,0.08358244211048495 -0.09198702265266445
101002004.00801584 0.0,0.09256036962369674 -0.10512781863312812
101382765.53106193 0.0,0.10032196505516568 -0.11977227838831443
101763527.05410802 0.0,0.10672548171584606 -0.13581891445848554
102144288.57715411 0.0,0.11163352764843038 -0.15315485298739473
102525050.1002002 0.0,0.1149140184411519 -0.1716550126324443
102905811.6232463 0.0,0.11644144749573133 -0.19118140616726112
103286573.14629239 0.0,0.11609845104876129 -0.21158263886336495
103667334.66933848 0.0,0.1137776298298835 -0.23269367437859326
104048096.19238457 0.0,0.1093835737495672 -0.254335932234407
104428857.71543066 0.0,0.10283502122558857 -0.2763177707201567
104809619.23847675 0.0,0.0940670716265466 -0.2984353951168625
105190380.76152284 0.0,0.08303335888446961 -0.3204742136632948
105571142.28456894 0.0,0.06970808767345016 -0.3422106432000716
105951903.80761503 0.0,0.054087831638603534 -0.3634143437834055
106332665.33066112 0.0,0.03619299674067733 -0.3838508379533511
106713426.85370721 0.0,0.016068862267208443 -0.40328444723578327
107094188.3767533 0.0,-0.006213872579192925 -0.4214814574770702
107474949.89979939 0.0,-0.030559087900954074 -0.43821340738952974
107855711.42284548 0.0,-0.05684581450762006 -0.4532603826984744
108236472.94589157 0.0,-0.08492937603604837 -0.46641419266987516
108617234.46893767 0.0,-0.11464307146986297 -0.4774813072236833
108997995.99198376 0.0,-0.1458003398293626 -0.48628544138678387
109378757.51502985 0.0,-0.17819732375145692 -0.4926696889855682
109759519.03807594 0.0,-0.2116157281480231 -0.4964981281281429
110140280.56112203 0.0,-0.2458258553506234 -0.4976568456315593
110521042.08416812 0.0,-0.2805896897919544 -0.4960543542748446
110901803.60721421 0.0,-0.31566390339236317 -0.49162140368226753
111282565.1302603 0.0,-0.3508026568571667 -0.484310210958802
111663326.6533064 0.0,-0.38576008095785674 -0.47409315940654323
112044088.17635249 0.0,-0.4202923340683782 -0.46096103168084657
112424849.69939858 0.0,-0.45415914599420915 -0.4449208570570944
112805611.22244467 0.0,-0.4871247715903197 -0.42599346108979225
113186372.74549076 0.0,-0.5189582889464512 -0.40421081042085055
113567134.26853685 0.0,-0.5494331842523845 -0.3796132469158435
113947895.79158294 0.0,-0.5783261672008941 -0.3522467052491167
114328657.31462903 0.0,-0.6054151554212365 -0.3221600085912218
114709418.83767512 0.0,-0.6304763525056463 -0.2894023408251005
115090180.36072122 0.0,-0.653280320227203 -0.2540210041572651
115470941.8837673 0.0,-0.6735869099943308 -0.2160595926758142
115851703.4068134 0.0,-0.6911388697843255 -0.1755567517089428
116232464.92985949 0.0,-0.7056538791119397 -0.13254575894274395
116613226.45290558 0.0,-0.7168146848704368 -0.08705526977560857
116993987.97595167 0.0,-0.7242569155948941 -0.0391117368136136
117374749.49899776 0.0,-0.7275540453721236 0.01125572716188291
117755511.02204385 0.0,-0.7261988749130525 0.06400687486205149
118136272.54508995 0.0,-0.7195808290779849 0.11907646240508148
118517034.06813604 0.0,-0.7069584091757647 0.17635230049649603
118897795.59118213 0.0,-0.6874264330539784 0.23564113604282647
119278557.11422822 0.0,-0.6598785420732003 0.2966162444628845
119659318.63727431 0.0,-0.6229674225955504 0.3587377162431017
120040080.1603204 0.0,-0.5750693465050332 0.42113256439016744
120420841.68336649 0.0,-0.5142678784271717 0.482417325687093
120801603.20641258 0.0,-0.43838705179408066 0.5404425121127309
121182364.72945867 0.0,-0.34513137969796204 0.5919412426581063
121563126.25250477 0.0,-0.23243264659197194 0.6320862121096604
121943887.77555086 0.0,-0.09915739196424056 0.654025626696563
122324649.29859695 0.0,0.053639047535723315 0.6486208285721371
122705410.82164304 0.0,0.22082000914979028 0.6048767039644039
123086172.34468913 0.0,0.3909696336783756 0.5118542825936871
123466933.86773522 0.0,0.5451523684773942 0.3627646532067344
123847695.39078131 0.0,0.6589059933213711 0.16067311681939156
124228456.9138274 0.0,0.7091618588689337 -0.07737206959280343
124609218.4368735 0.0,0.6839752744021994 -0.3224635486077964
124989979.95991959 0.0,0.5885299972946209 -0.5433273261734641
125370741.48296568 0.0,0.4423642269312493 -0.7174322547835381
125751503.00601177 0.0,0.27025460182496097 -0.8362718515402567
126132264.52905786 0.0,0.09367116279280818 -0.903231392128116
126513026.05210395 0.0,-0.07308959501987156 -0.9280187140042483
126893787.57515004 0.0,-0.2226651864525948 -0.921776892154211
127274549.09819613 0.0,-0.35262408626556435 -0.8943687704382202
127655310.62124223 0.0,-0.4633977336493345 -0.8534586037720556
128036072.14428832 0.0,-0.5567844896972238 -0.804563605280322
128416833.66733441 0.0,-0.6350512940852269 -0.7514642094774051
128797595.1903805 0.0,-0.7004642731299634 -0.6966604115632831
129178356.71342659 0.0,-0.7550784950122883 -0.6417561613984256
129559118.23647268 0.0,-0.800667713164526 -0.5877478299008784
129939879.75951877 0.0,-0.8387225212461933 -0.535228221933259
130320641.28256486 0.0,-0.8704777616643777 -0.48452616821158906
130701402.80561095 0.0,-0.8969492888415006 -0.43580022256151063
131082164.32865705 0.0,-0.9189707615571101 -0.38910082933750945
131462925.85170314 0.0,-0.937226618785283 -0.3444112584582196
131843687.37474923 0.0,-0.952280080263047 -0.30167439797505624
132224448.89779532 0.0,-0.9645962369301654 -0.2608101810916063
132605210.42084141 0.0,-0.9745607847035184 -0.22172682960621193
132985971.9438875 0.0,-0.9824950907639818 -0.18432802172127383
133366733.4669336 0.0,-0.9886682601444908 -0.14851737782020769
133747494.98997968 0.0,-0.9933067884591074 -0.11420118545976689
134128256.51302578 0.0,-0.9966022896518615 -0.08128997307862776
134509018.03607187 0.0,-0.9987176955612336 -0.04969933608269944
134889779.55911797 0.0,-0.9997922442603123 -0.019350282812472322
135270541.08216408 0.0,-0.9999455080823403 0.009830722382240045
135651302.60521019 0.0,-0.9992806590206927 0.03791190175154377
136032064.1282563 0.0,-0.9978871269650428 0.06495641522190967
136412825.6513024 0.0,-0.9958427730274925 0.09102266941884724
136793587.1743485 0.0,-0.993215674221955 0.11616465195115074
137174348.6973946 0.0,-0.9900655954607223 0.14043227018470278
137555110.22044072 0.0,-0.9864452089815589 0.1638716816742778
137935871.74348682 0.0,-0.9824011089292819 0.18652560869201507
138316633.26653293 0.0,-0.9779746591132833 0.20843363276375151
138697394.78957903 0.0,-0.9732027043448619 0.22963246738594117
139078156.31262514 0.0,-0.9681181697597951 0.2501562085424139
139458917.83567125 0.0,-0.9627505677927027 0.2700365635393857
139839679.35871735 0.0,-0.9571264287129077 0.28930305921079974
140220440.88176346 0.0,-0.9512696676424593 0.30798323083716095
140601202.40480956 0.0,-0.9452018985900938 0.32610279325341746
140981963.92785567 0.0,-0.9389427041217261 0.343685795651638
141362725.45090178 0.0,-0.9325098677489388 0.3607547615506139
141743486.97394788 0.0,-0.9259195748740788 0.3773308153328405
142124248.496994 0.0,-0.9191865871233011 0.39343379665665007
142505010.0200401 0.0,-0.9123243940796095 0.4090823639490592
142885771.5430862 0.0,-0.9053453457591205 0.4242940880802304
143266533.0661323 0.0,-0.8982607686259665 0.43908553721813753
143647294.5891784 0.0,-0.8910810674908949 0.45347235376463857
144028056.11222452 0.0,-0.8838158152672158 0.4674693241833206
144408817.63527063 0.0,-0.8764738322504522 0.48109044244584054
144789579.15831673 0.0,-0.8690632563328771 0.49434896774726816
145170340.68136284 0.0,-0.8615916053516639 0.5072574770719355
145551102.20440894 0.0,-0.8540658325919137 0.5198279131292013
145931863.72745505 0.0,-0.8464923763170777 0.5320716281228726
146312625.25050116 0.0,-0.8388772040743615 0.5439994237682386
146693386.77354726 0.0,-0.8312258524173594 0.5556215879263039
147074148.29659337 0.0,-0.8235434625991698 0.5669479281852691
147454909.81963947 0.0,-0.8158348127138093 0.5779878026841297
147835671.34268558 0.0,-0.8081043466996537 0.5887501484420248
148216432.8657317 0.0,-0.8003562005640252 0.5992435074291479
148597194.3887778 0.0,-0.7925942261414065 0.6094760505903707
148977955.9118239 0.0,-0.7848220126578048 0.6194556000107767
149358717.43487 0.0,-0.7770429063395419 0.6291896493927895
149739478.9579161 0.0,-0.7692600282752082 0.6386853829972428
150120240.48096222 0.0,-0.7614762907140973 0.6479496931852974
150501002.00400832 0.0,-0.7536944119624458 0.6569891966843596
150881763.52705443 0.0,-0.7459169300197321 0.6658102496889208
151262525.05010054 0.0,-0.7381462150807583 0.6744189618963025
151643286.57314664 0.0,-0.7303844810148301 0.6828212095675544
152024048.09619275 0.0,-0.7226337959208096 0.6910226476950397
152404809.61923885 0.0,-0.7148960918458314 0.6990287213504549
152785571.14228496 0.0,-0.7071731737458666 0.7068446762800727
153166332.66533107 0.0,-0.69946672775792 0.7144755688077453
153547094.18837717 0.0,-0.6917783288461996 0.721926275100614
153927855.71142328 0.0,-0.6841094478781107 0.7292014998474452
154308617.23446938 0.0,-0.6764614581801451 0.7363057843950008
154689378.7575155 0.0,-0.6688356416186798 0.74324351438378
155070140.2805616 0.0,-0.6612331942461576 0.7500189269208382
155450901.8036077 0.0,-0.6536552315491672 0.756636117324058
155831663.3266538 0.0,-0.646102793331354 0.7630990454693143
156212424.8496999 0.0,-0.6385768482609815 0.7694115417692452
156593186.37274602 0.0,-0.6310782981100714 0.775577312809964
156973947.89579213 0.0,-0.6236079817096433 0.7815999466697928
157354709.41883823 0.0,-0.616166678643203 0.7874829179421668
157735470.94188434 0.0,-0.6087551126987274 0.7932295924829986
158116232.46493044 0.0,-0.6013739550975115 0.7988432319011894
158496993.98797655 0.0,-0.5940238275166514 0.8043269978094723
158877755.51102266 0.0,-0.586705304920468 0.8096839558514088
159258517.03406876 0.0,-0.5794189182148785 0.8149170795191448
159639278.55711487 0.0,-0.5721651567375012 0.8200292537753855
160020040.08016098 0.0,-0.56494447059524 0.8250232784920449
160400801.60320708 0.0,-0.5577572728601163 0.8299018717170666
160781563.1262532 0.0,-0.550603941633216 0.8346676727800751
161162324.6492993 0.0,-0.5434848219858637 0.8393232452467169
161543086.1723454 0.0,-0.5364002277863651 0.8438710797308471
161923847.6953915 0.0,-0.5293504434200467 0.8483135965730427
162304609.2184376 0.0,-0.5223357254096882 0.8526531483933392
162685370.74148372 0.0,-0.5153563039429072 0.8568920225255129
163066132.26452982 0.0,-0.5084123843125758 0.8610324433397347
163446893.78757593 0.0,-0.5015041482758631 0.8650765744599519
163827655.31062204 0.0,-0.49463175533710885 0.86902652088191
164208416.83366814 0.0,-0.4877953439593313 0.8728843309973409
164589178.35671425 0.0,-0.4809950327088473 0.8766519985294776
164969939.87976035 0.0,-0.4742309213371292 0.8803314643847048
165350701.40280646 0.0,-0.46750309180377014 0.8839246184248462
165731462.92585257 0.0,-0.4608116092441208 0.8874333011643127
166112224.44889867 0.0,-0.45415652288493913 0.8908593053960464
166492985.97194478 0.0,-0.44753786691115166 0.8942043777499559
166873747.4949909 0.0,-0.4409556612866159 0.8974702201873188
167254509.018037 0.0,-0.4344099125315912 0.9006584914343964
167635270.5410831 0.0,-0.42790061445941663 0.9037708083583139
168016032.0641292 0.0,-0.4214277488747687 0.9068087472880835
168396793.5871753 0.0,-0.4149912862356804 0.9097738452834603
168777555.11022142 0.0,-0.4085911862813816 0.9126676013541761
169158316.63326752 0.0,-0.4022273986278876 0.9154914776319415
169539078.15631363 0.0,-0.3958998633331303 0.9182469004974653
169919839.67935973 0.0,-0.389608511433331 0.920935261664618
170300601.20240584 0.0,-0.3833532654521796 0.9235579192237386
170681362.72545195 0.0,-0.37713403988432437 0.9261161986459817
171062124.24849805 0.0,-0.37095074165454944 0.9286113937504831
171442885.77154416 0.0,-0.36480327055396505 0.9310447676360346
171823647.29459026 0.0,-0.3586915196544207 0.9334175535788646
172204408.81763637 0.0,-0.3526153757023172 0.9357309558980308
172585170.34068248 0.0,-0.3465747194928935 0.9379861507898548
172965931.86372858 0.0,-0.34056942622601527 0.9401842871327537
173346693.3867747 0.0,-0.3345993658444337 0.9423264872637452
173727454.9098208 0.0,-0.32866440335541247 0.9444138477278475
174108216.4328669 0.0,-0.32276439913659205 0.946447440001525
174488977.955913 0.0,-0.3168992092268874 0.948428311191272
174869739.4789591 0.0,-0.31106868560319256 0.9503574847083746
175250501.00200522 0.0,-0.30527267644359624 0.9522359609208405
175631262.52505133 0.0,-0.2995110263777976 0.9540647177834304
176012024.04809743 0.0,-0.2937835767253665 0.9558447114466829
176392785.57114354 0.0,-0.28809016572243995 0.957576876845789
176773547.09418964 0.0,-0.2824306287374454 0.9592621282701098
177154308.61723575 0.0,-0.27680479847637485 0.9609013599141214
177535070.14028186 0.0,-0.2712125051781382 0.9624954464105087
177915831.66332796 0.0,-0.26565357680046997 0.9640452433461104
178296593.18637407 0.0,-0.2601278391968542 0.9655515877613793
178677354.70942017 0.0,-0.2546351162849012 0.967015298633994
179058116.23246628 0.0,-0.24917523020658683 0.9684371773472252
179438877.7555124 0.0,-0.24374800148074738 0.9698180081436371
179819639.2785585 0.0,-0.23835324914820033 0.9711585585646746
180200400.8016046 0.0,-0.23299079090984076 0.9724595798766594
180581162.3246507 0.0,-0.22766044325804405 0.9737218074837104
180961923.8476968 0.0,-0.2223620216017015 0.9749459613280541
181342685.37074292 0.0,-0.21709534038517475 0.9761327462781985
181723446.89378902 0.0,-0.2118602132014651 0.9772828525054066
182104208.41683513 0.0,-0.20665645289986445 0.978396955848887
182484969.93988124 0.0,-0.20148387168834692 0.9794757181701136
182865731.46292734 0.0,-0.19634228123093678 0.9805197876966519
183246492.98597345 0.0,-0.19123149274030404 0.9815297993558708
183627254.50901955 0.0,-0.18615131706578558 0.9825063750988869
184008016.03206566 0.0,-0.1811015647770633 0.9834501242150883
184388777.55511177 0.0,-0.17608204624368273 0.984361643637556
184769539.07815787 0.0,-0.17109257171061243 0.9852415182397066
185150300.60120398 0.0,-0.16613295137002007 0.9860903211234435
185531062.12425008 0.0,-0.1612029954294414 0.9869086138991168
185911823.6472962 0.0,-0.15630251417650376 0.9876969469575586
186292585.1703423 0.0,-0.15143131804036236 0.988455859734467
186673346.6933884 0.0,-0.14658921764999322 0.989185880967388
187054108.2164345 0.0,-0.1417760238894914 0.9898875289455423
187434869.7394806 0.0,-0.1369915479505106 0.9905613117527354
187815631.26252672 0.0,-0.13223560138196122 0.991207727503571
188196392.78557283 0.0,-0.12750799613710706 0.9918272645731945
188577154.30861893 0.0,-0.12280854461816038 0.9924204018207649
188957915.83166504 0.0,-0.11813705971850474 0.9929876088068678
189338677.35471115 0.0,-0.11349335486263445 0.993529346005053
189719438.87775725 0.0,-0.1088772440439274 0.9940460650076937
190100200.40080336 0.0,-0.10428854186034275 0.994538208726337
190480961.92384946 0.0,-0.09972706354812888 0.9950062115867259
190861723.44689557 0.0,-0.09519262501364546 0.9954504997186571
191242484.96994168 0.0,-0.09068504286337009 0.9958714911408331
191623246.49298778 0.0,-0.08620413443217756 0.9962695959408683
192004008.0160339 0.0,-0.08174971780996798 0.9966452164505917
192384769.53908 0.0,-0.07732161186671371 0.9969987474167988
192765531.0621261 0.0,-0.07291963627600295 0.99733057616758
193146292.5851722 0.0,-0.06854361153713673 0.9976410827743708
193527054.1082183 0.0,-0.06419335899585121 0.9979306402098455
193907815.63126442 0.0,-0.05986870086373153 0.9981996145017815
194288577.15431052 0.0,-0.05556946023635456 0.9984483648830136
194669338.67735663 0.0,-0.05129546111024452 0.9986772439375942
195050100.20040274 0.0,-0.047046528398676735 0.9988865977432763
195430861.72344884 0.0,-0.04282248794638277 0.9990767660104168
195811623.24649495 0.0,-0.03862316654321507 0.999248082217415
196192384.76954105 0.0,-0.03444839193680549 0.9994008737427833
196573146.29258716 0.0,-0.030297992844274594 0.999535461993947
196953907.81563327 0.0,-0.02617179896302657 0.9996521625328679
197334669.33867937 0.0,-0.022069640980670213 0.9997512851985827
197715430.86172548 0.0,-0.017991350584117605 0.9998331342267489
198096192.3847716 0.0,-0.013936760467875288 0.9998980083662711
198476953.9078177 0.0,-0.009905704341589994 0.9999462009931072
198857715.4308638 0.0,-0.005898016936864314 0.99997800022132
199238476.9539099 0.0,-0.0019135340133822343 0.9999936890114582
199619238.476956 0.0,0.002047907635622126 0.9999935452763397
200000000.00000212 0.0,0.005986470178526326 0.9999778419843095
